<?xml version='1.0' encoding='UTF-8'?>
<widget xmlns="http://www.w3.org/ns/widgets" xmlns:intelxdk="http://xdk.intel.com/ns/v1" id="not.yet.specified" version="0.0.1">
<!--This file is generated by the Intel XDK. Do not edit this file as your edits will be lost.           -->
<!--To change the contents of this file, see the documentation on the intelxdk.config.additions.xml file.-->
<intelxdk:version value="1.0"/>
<intelxdk:cordova-cli version="5.4.1"/>
<name>hack-mobile</name>
<content src="index.html"/>
<access origin="*"/>
<intelxdk:plugin intelxdk:name="Whitelist" intelxdk:value="cordova-plugin-whitelist" intelxdk:version="1.3.0" intelxdk:checksum="64a7f142" intelxdk:type="file"/>
<preference name="deployment-target" value="8.0"/>
<preference name="ios-configuration" value="adhoc"/>
<!--creationInfo:{"src":"","projectTypeName":"com.intel.xdk.projecttype.jsapp"}-->
<preference name="debuggable" value="false"/></widget>